"Wind velocity components (U, V) and speed in metres per second (m/s)"
Lat (°N),80°E,82.5°E,85°E,87.5°E,90°E,92.5°E,95°E,97.5°E,100°E
25°N,"U:3.8
V:0.9
Spd:3.9","U:3.9
V:0.9
Spd:4.0","U:4.0
V:1.0
Spd:4.1","U:4.1
V:1.0
Spd:4.2","U:4.2
V:1.1
Spd:4.3","U:4.0
V:1.0
Spd:4.1","U:3.8
V:0.9
Spd:3.9","U:3.5
V:0.8
Spd:3.6","U:3.2
V:0.7
Spd:3.3"
22.5°N,"U:4.4
V:1.4
Spd:4.6","U:4.6
V:1.5
Spd:4.8","U:4.7
V:1.6
Spd:5.0","U:4.9
V:1.7
Spd:5.2","U:5.1
V:1.7
Spd:5.4","U:4.9
V:1.6
Spd:5.2","U:4.6
V:1.5
Spd:4.8","U:4.3
V:1.4
Spd:4.5","U:3.9
V:1.2
Spd:4.1"
20°N,"U:5.1
V:1.9
Spd:5.4","U:5.3
V:2.0
Spd:5.7","U:5.5
V:2.2
Spd:5.9","U:5.8
V:2.3
Spd:6.2","U:6.1
V:2.4
Spd:6.6","U:5.9
V:2.3
Spd:6.3","U:5.5
V:2.1
Spd:5.9","U:5.1
V:1.9
Spd:5.4","U:4.7
V:1.7
Spd:5.0"
17.5°N,"U:5.8
V:2.5
Spd:6.3","U:6.1
V:2.7
Spd:6.7","U:6.4
V:2.9
Spd:7.0","U:6.8
V:3.1
Spd:7.5","U:7.2
V:3.3
Spd:7.9","U:7.0
V:3.2
Spd:7.7","U:6.5
V:2.9
Spd:7.1","U:6.0
V:2.6
Spd:6.5","U:5.5
V:2.3
Spd:6.0"
15°N,"U:6.4
V:3.0
Spd:7.1","U:6.9
V:3.3
Spd:7.6","U:7.3
V:3.6
Spd:8.1","U:7.8
V:3.9
Spd:8.7","U:8.2
V:4.2
Spd:9.2","U:7.9
V:4.0
Spd:8.9","U:7.4
V:3.7
Spd:8.3","U:6.8
V:3.3
Spd:7.6","U:6.2
V:3.0
Spd:6.9"
12.5°N,"U:6.9
V:3.5
Spd:7.7","U:7.5
V:3.9
Spd:8.5","U:8.0
V:4.3
Spd:9.1","U:8.5
V:4.7
Spd:9.7","U:8.9
V:5.0
Spd:10.2","U:8.5
V:4.7
Spd:9.7","U:8.0
V:4.3
Spd:9.1","U:7.4
V:3.9
Spd:8.4","U:6.8
V:3.5
Spd:7.6"
10°N,"U:7.1
V:3.8
Spd:8.1","U:7.8
V:4.2
Spd:8.9","U:8.3
V:4.6
Spd:9.5","U:8.7
V:5.0
Spd:10.0","U:9.0
V:5.3
Spd:10.4","U:8.6
V:4.9
Spd:9.9","U:8.1
V:4.5
Spd:9.3","U:7.5
V:4.1
Spd:8.5","U:6.9
V:3.7
Spd:7.8"
7.5°N,"U:6.8
V:3.4
Spd:7.6","U:7.2
V:3.7
Spd:8.1","U:7.6
V:4.0
Spd:8.6","U:7.9
V:4.3
Spd:9.0","U:8.1
V:4.5
Spd:9.3","U:7.8
V:4.2
Spd:8.9","U:7.4
V:3.9
Spd:8.4","U:6.9
V:3.6
Spd:7.8","U:6.3
V:3.2
Spd:7.1"
5°N,"U:6.2
V:3.1
Spd:6.9","U:6.5
V:3.3
Spd:7.3","U:6.8
V:3.5
Spd:7.6","U:7.0
V:3.7
Spd:7.9","U:7.2
V:3.9
Spd:8.2","U:7.0
V:3.7
Spd:7.9","U:6.6
V:3.4
Spd:7.4","U:6.1
V:3.1
Spd:6.8","U:5.6
V:2.8
Spd:6.3"
