Model_Name,Model_Type,Term,Estimate,Std_Error,z_or_t,p_value,CI_Lower,CI_Upper
Row_Brier,Mixed-effects model,Intercept,0.07115642898203585,0.014558208106054361,4.887718904941593,1.020110401517566e-06,0.04262286541473023,0.09968999254934147
Row_Brier,Mixed-effects model,C(Modality)[T.Par],-0.003508221387227004,0.009171466617507182,-0.38251476383616206,0.7020795800593826,-0.02148396564295247,0.014467522868498462
Row_Brier,Mixed-effects model,C(Modality)[T.Vis],0.039239658333333226,0.009150584307910598,4.288213409433417,1.801159999110789e-05,0.02130484265233108,0.05717447401433537
Row_Brier,Mixed-effects model,C(Visualization_Type)[T.Color_Map],-0.013390684071858347,0.01768710702715198,-0.757087298182904,0.4489975632740659,-0.04805677683578153,0.02127540869206484
Row_Brier,Mixed-effects model,C(Visualization_Type)[T.Isoline],-0.030272266666666908,0.01766786815748187,-1.7134080012843773,0.08663750531755483,-0.06490065193893342,0.004356118605599604
Row_Brier,Mixed-effects model,C(Visualization_Type)[T.Line_Graph],-0.05456800000000025,0.01766786815748187,-3.0885446684121964,0.002011394537808796,-0.08919638527226675,-0.019939614727733736
Row_Brier,Mixed-effects model,C(Model)[T.GPT],-0.016006820279439844,0.00917146661750718,-1.7452846907696127,0.08093532545102483,-0.03398256453516531,0.0019689239762856227
Row_Brier,Mixed-effects model,C(Model)[T.Gemini],0.024956196387226806,0.009171466617507182,2.721069315085174,0.00650711155942749,0.006980452131501339,0.042931940642952277
Row_Brier,Mixed-effects model,Group Var,0.19955179467084028,0.07374972258964477,2.7057972242306363,0.006814063975794073,0.055004994525316486,0.34409859481636407
