Model_Type,Term,Estimate,Std_Error,z_or_t,p_value,CI_Lower,CI_Upper
VIS-only linear mixed-effects model,Intercept,0.03653472222222222,0.012113398647667806,3.016058769704261,0.002560836203505735,0.012792897142417124,0.06027654730202731
VIS-only linear mixed-effects model,C(Visualization_Type)[T.Color_Map],0.0062388888888889205,0.012113398650393833,0.5150403341745944,0.6065248351465018,-0.01750293619625909,0.029980713974036934
VIS-only linear mixed-effects model,C(Visualization_Type)[T.Isoline],0.012267777777777811,0.012113398650393835,1.012744493254084,0.31118221966432447,-0.011474047307370203,0.03600960286292583
VIS-only linear mixed-effects model,C(Visualization_Type)[T.Line_Graph],-0.009735555555555523,0.012113398650393833,-0.8037014083771609,0.4215694405584083,-0.03347738064070353,0.014006269529592488
VIS-only linear mixed-effects model,C(Model)[T.GPT],-0.01361000000000002,0.010490510952687567,-1.2973629274476157,0.19450634195384442,-0.03417102364669062,0.006951023646690582
VIS-only linear mixed-effects model,C(Model)[T.Gemini],-0.006667500000000027,0.010490510952687567,-0.6355743805111683,0.5250538722962952,-0.02722852364669063,0.013893523646690574
VIS-only linear mixed-effects model,C(ECR_Item)[T.ECR_2],-0.030633333333333356,0.010490510952687567,-2.9200992660405536,0.003499199066016009,-0.05119435698002396,-0.010072309686642755
VIS-only linear mixed-effects model,C(ECR_Item)[T.ECR_3],-0.017796666666666697,0.010490510952687566,-1.6964537520555532,0.0897999815278891,-0.0383576903133573,0.0027643569800239014
VIS-only linear mixed-effects model,Group Var,1.0001926334866011e-10,0.027124995337887814,3.687346747999422e-09,0.999999997057923,-0.053164013843057724,0.05316401404309625
